{
  "words": [
    {
      "text": "experience",
      "start": 0,
      "end": 0.9599999785423279
    },
    {
      "text": "proof",
      "start": 1.0199999809265137,
      "end": 1.2799999713897705
    }
  ],
  "paragraphs": [
    {
      "speaker": "TBC 0",
      "start": 0,
      "end": 1.2799999713897705
    }
  ],
  "audioLength": 1.975
}