{
  "words": [
    {
      "text": "experience",
      "start": 0.6800000071525574,
      "end": 1.0399999618530273
    },
    {
      "text": "proves",
      "start": 1.1200000047683716,
      "end": 1.3799999952316284
    },
    {
      "text": " this",
      "start": 1.4399999380111694,
      "end": 1.6399999856948853
    }
  ],
  "paragraphs": [
    {
      "speaker": "U_UKN",
      "start": 0.6800000071525574,
      "end": 1.6399999856948853
    }
  ],
  "audioLength": 1.975
}